<?xml version="1.0" encoding="UTF-8"?>
<lumerical_lookup_table version="1.0" name = "index_table">
<association>
    <design>
        <value name="height" type="double">210</value>
        <value name="width" type="double">480</value>
    </design>
    <extracted>
        <value name="y_sparam" type="string">Ybranch_Thickness =210 width=480.sparam</value>
    </extracted>
</association>
<association>
    <design>
        <value name="height" type="double">210</value>
        <value name="width" type="double">500</value>
    </design>
    <extracted>
        <value name="y_sparam" type="string">Ybranch_Thickness =210 width=500.sparam</value>
    </extracted>
</association>
<association>
    <design>
        <value name="height" type="double">210</value>
        <value name="width" type="double">520</value>
    </design>
    <extracted>
        <value name="y_sparam" type="string">Ybranch_Thickness =210 width=520.sparam</value>
    </extracted>
</association>
<association>
    <design>
        <value name="height" type="double">220</value>
        <value name="width" type="double">480</value>
    </design>
    <extracted>
        <value name="y_sparam" type="string">Ybranch_Thickness =220 width=480.sparam</value>
    </extracted>
</association>
<association>
    <design>
        <value name="height" type="double">220</value>
        <value name="width" type="double">500</value>
    </design>
    <extracted>
        <value name="y_sparam" type="string">Ybranch_Thickness =220 width=500.sparam</value>
    </extracted>
</association>
<association>
    <design>
        <value name="height" type="double">220</value>
        <value name="width" type="double">520</value>
    </design>
    <extracted>
        <value name="y_sparam" type="string">Ybranch_Thickness =220 width=520.sparam</value>
    </extracted>
</association>
<association>
    <design>
        <value name="height" type="double">230</value>
        <value name="width" type="double">480</value>
    </design>
    <extracted>
        <value name="y_sparam" type="string">Ybranch_Thickness =230 width=480.sparam</value>
    </extracted>
</association>
<association>
    <design>
        <value name="height" type="double">230</value>
        <value name="width" type="double">500</value>
    </design>
    <extracted>
        <value name="y_sparam" type="string">Ybranch_Thickness =230 width=500.sparam</value>
    </extracted>
</association>
<association>
    <design>
        <value name="height" type="double">230</value>
        <value name="width" type="double">520</value>
    </design>
    <extracted>
        <value name="y_sparam" type="string">Ybranch_Thickness =230 width=520.sparam</value>
    </extracted>
</association>
</lumerical_lookup_table>