<?xml version="1.0" encoding="UTF-8"?>
<lumerical_lookup_table version="1.0" name="point_coupler">
    <association>
        <design>
            <value name="CoupleLength" type="double">0</value>
            <value name="gap" type="double">1e-07</value>
            <value name="radius" type="double">3e-06</value>
            <value name="thickness" type="double">2.2e-07</value>
            <value name="width" type="double">5e-07</value>
        </design>
        <extracted>
            <value name="s-param" type="string">te_ebeam_dc_halfring_straight_gap=100nm_radius=3um_width=500nm_thickness=220nm_CoupleLength=0um.dat</value>
        </extracted>
    </association>
    <association>
        <design>
            <value name="CoupleLength" type="double">0</value>
            <value name="gap" type="double">5e-08</value>
            <value name="radius" type="double">5e-06</value>
            <value name="thickness" type="double">2.2e-07</value>
            <value name="width" type="double">5e-07</value>
        </design>
        <extracted>
            <value name="s-param" type="string">te_ebeam_dc_halfring_straight_gap=50nm_radius=5um_width=500nm_thickness=220nm_CoupleLength=0um.dat</value>
        </extracted>
    </association>
    <association>
        <design>
            <value name="CoupleLength" type="double">0</value>
            <value name="gap" type="double">6e-08</value>
            <value name="radius" type="double">5e-06</value>
            <value name="thickness" type="double">2.2e-07</value>
            <value name="width" type="double">5e-07</value>
        </design>
        <extracted>
            <value name="s-param" type="string">te_ebeam_dc_halfring_straight_gap=60nm_radius=5um_width=500nm_thickness=220nm_CoupleLength=0um.dat</value>
        </extracted>
    </association>
    <association>
        <design>
            <value name="CoupleLength" type="double">0</value>
            <value name="gap" type="double">1e-07</value>
            <value name="radius" type="double">5e-06</value>
            <value name="thickness" type="double">2.2e-07</value>
            <value name="width" type="double">5e-07</value>
        </design>
        <extracted>
            <value name="s-param" type="string">te_ebeam_dc_halfring_straight_gap=100nm_radius=5um_width=500nm_thickness=220nm_CoupleLength=0um.dat</value>
        </extracted>
    </association>
    <association>
        <design>
            <value name="CoupleLength" type="double">0</value>
            <value name="gap" type="double">5e-08</value>
            <value name="radius" type="double">3e-06</value>
            <value name="thickness" type="double">2.2e-07</value>
            <value name="width" type="double">5e-07</value>
        </design>
        <extracted>
            <value name="s-param" type="string">te_ebeam_dc_halfring_straight_gap=50nm_radius=3um_width=500nm_thickness=220nm_CoupleLength=0um.dat</value>
        </extracted>
    </association>
    <association>
        <design>
            <value name="CoupleLength" type="double">0</value>
            <value name="gap" type="double">6e-08</value>
            <value name="radius" type="double">3e-06</value>
            <value name="thickness" type="double">2.2e-07</value>
            <value name="width" type="double">5e-07</value>
        </design>
        <extracted>
            <value name="s-param" type="string">te_ebeam_dc_halfring_straight_gap=60nm_radius=3um_width=500nm_thickness=220nm_CoupleLength=0um.dat</value>
        </extracted>
    </association>
    <association>
        <design>
            <value name="CoupleLength" type="double">0</value>
            <value name="gap" type="double">8e-08</value>
            <value name="radius" type="double">3e-06</value>
            <value name="thickness" type="double">2.2e-07</value>
            <value name="width" type="double">5e-07</value>
        </design>
        <extracted>
            <value name="s-param" type="string">te_ebeam_dc_halfring_straight_gap=80nm_radius=3um_width=500nm_thickness=220nm_CoupleLength=0um.dat</value>
        </extracted>
    </association>
    <association>
        <design>
            <value name="CoupleLength" type="double">0</value>
            <value name="gap" type="double">1e-07</value>
            <value name="radius" type="double">1e-05</value>
            <value name="thickness" type="double">2.2e-07</value>
            <value name="width" type="double">5e-07</value>
        </design>
        <extracted>
            <value name="s-param" type="string">te_ebeam_dc_halfring_straight_gap=100nm_radius=10um_width=500nm_thickness=220nm_CoupleLength=0um.dat</value>
        </extracted>
    </association>
    <association>
        <design>
            <value name="CoupleLength" type="double">0</value>
            <value name="gap" type="double">1.5e-07</value>
            <value name="radius" type="double">1e-05</value>
            <value name="thickness" type="double">2.2e-07</value>
            <value name="width" type="double">5e-07</value>
        </design>
        <extracted>
            <value name="s-param" type="string">te_ebeam_dc_halfring_straight_gap=150nm_radius=10um_width=500nm_thickness=220nm_CoupleLength=0um.dat</value>
        </extracted>
    </association>
</lumerical_lookup_table>
